,word1,attr1,word2,attr2,word1 freq,word2 freq,bigram freq,score trimmed,distance,similarity,period,genre,combined,url
1,Aššur[1]DN,[?],ilu[god]N,[?],2466,3816,737,0.238,3.729,0.608,,,,"https://korp.csc.fi/test-as/?mode=other_languages#?lang=fi&stats_reduce=word&cqp=%5Blemma%20%3D%20%22A%C5%A1%C5%A1ur%5B1%5DDN%22%5D%20%5B%5D%7B0,8%7D%20%5Blemma%20%3D%20%22ilu%5Bgod%5DN%22%5D&corpus=oracc_adsd,oracc_ario,oracc_blms,oracc_cams,oracc_caspo,oracc_ctij,oracc_dcclt,oracc_dccmt,oracc_ecut,oracc_etcsri,oracc_hbtin,oracc_obmc,oracc_riao,oracc_ribo,oracc_rimanum,oracc_rinap,oracc_saao,oracc_others&search_tab=1&search=cqp&within=paragraph"
23,Ištar[1]DN,[?],ilu[god]N,[?],1029,3816,253,0.126,4.482,0.622,,,,"https://korp.csc.fi/test-as/?mode=other_languages#?lang=fi&stats_reduce=word&cqp=%5Blemma%20%3D%20%22I%C5%A1tar%5B1%5DDN%22%5D%20%5B%5D%7B0,8%7D%20%5Blemma%20%3D%20%22ilu%5Bgod%5DN%22%5D&corpus=oracc_adsd,oracc_ario,oracc_blms,oracc_cams,oracc_caspo,oracc_ctij,oracc_dcclt,oracc_dccmt,oracc_ecut,oracc_etcsri,oracc_hbtin,oracc_obmc,oracc_riao,oracc_ribo,oracc_rimanum,oracc_rinap,oracc_saao,oracc_others&search_tab=1&search=cqp&within=paragraph"
60,Ninurta[1]DN,[?],ilu[god]N,[?],226,3816,74,0.079,3.838,0.479,,,,"https://korp.csc.fi/test-as/?mode=other_languages#?lang=fi&stats_reduce=word&cqp=%5Blemma%20%3D%20%22Ninurta%5B1%5DDN%22%5D%20%5B%5D%7B0,8%7D%20%5Blemma%20%3D%20%22ilu%5Bgod%5DN%22%5D&corpus=oracc_adsd,oracc_ario,oracc_blms,oracc_cams,oracc_caspo,oracc_ctij,oracc_dcclt,oracc_dccmt,oracc_ecut,oracc_etcsri,oracc_hbtin,oracc_obmc,oracc_riao,oracc_ribo,oracc_rimanum,oracc_rinap,oracc_saao,oracc_others&search_tab=1&search=cqp&within=paragraph"
66,Ušumgallu[dragon]DN,[?],ilu[god]N,[?],1,3816,2,0.032,5.0,0.088,,,,"https://korp.csc.fi/test-as/?mode=other_languages#?lang=fi&stats_reduce=word&cqp=%5Blemma%20%3D%20%22U%C5%A1umgallu%5Bdragon%5DDN%22%5D%20%5B%5D%7B0,8%7D%20%5Blemma%20%3D%20%22ilu%5Bgod%5DN%22%5D&corpus=oracc_adsd,oracc_ario,oracc_blms,oracc_cams,oracc_caspo,oracc_ctij,oracc_dcclt,oracc_dccmt,oracc_ecut,oracc_etcsri,oracc_hbtin,oracc_obmc,oracc_riao,oracc_ribo,oracc_rimanum,oracc_rinap,oracc_saao,oracc_others&search_tab=1&search=cqp&within=paragraph"
75,abu[father]N,[?],ilu[god]N,[?],1206,3816,282,0.13,2.897,0.508,,,,"https://korp.csc.fi/test-as/?mode=other_languages#?lang=fi&stats_reduce=word&cqp=%5Blemma%20%3D%20%22abu%5Bfather%5DN%22%5D%20%5B%5D%7B0,8%7D%20%5Blemma%20%3D%20%22ilu%5Bgod%5DN%22%5D&corpus=oracc_adsd,oracc_ario,oracc_blms,oracc_cams,oracc_caspo,oracc_ctij,oracc_dcclt,oracc_dccmt,oracc_ecut,oracc_etcsri,oracc_hbtin,oracc_obmc,oracc_riao,oracc_ribo,oracc_rimanum,oracc_rinap,oracc_saao,oracc_others&search_tab=1&search=cqp&within=paragraph"
491,baʾāšu[smell-bad]V,[?],ilu[god]N,[?],2,3816,2,0.023,5.5,0.059,,,,"https://korp.csc.fi/test-as/?mode=other_languages#?lang=fi&stats_reduce=word&cqp=%5Blemma%20%3D%20%22ba%CA%BE%C4%81%C5%A1u%5Bsmell-bad%5DV%22%5D%20%5B%5D%7B0,8%7D%20%5Blemma%20%3D%20%22ilu%5Bgod%5DN%22%5D&corpus=oracc_adsd,oracc_ario,oracc_blms,oracc_cams,oracc_caspo,oracc_ctij,oracc_dcclt,oracc_dccmt,oracc_ecut,oracc_etcsri,oracc_hbtin,oracc_obmc,oracc_riao,oracc_ribo,oracc_rimanum,oracc_rinap,oracc_saao,oracc_others&search_tab=1&search=cqp&within=paragraph"
532,bukru[son]N,[?],ilu[god]N,[?],14,3816,9,0.039,4.222,0.248,,,,"https://korp.csc.fi/test-as/?mode=other_languages#?lang=fi&stats_reduce=word&cqp=%5Blemma%20%3D%20%22bukru%5Bson%5DN%22%5D%20%5B%5D%7B0,8%7D%20%5Blemma%20%3D%20%22ilu%5Bgod%5DN%22%5D&corpus=oracc_adsd,oracc_ario,oracc_blms,oracc_cams,oracc_caspo,oracc_ctij,oracc_dcclt,oracc_dccmt,oracc_ecut,oracc_etcsri,oracc_hbtin,oracc_obmc,oracc_riao,oracc_ribo,oracc_rimanum,oracc_rinap,oracc_saao,oracc_others&search_tab=1&search=cqp&within=paragraph"
665,dandannu[all-powerful-one]N,[?],ilu[god]N,[?],16,3816,16,0.065,1.812,0.32,,,,"https://korp.csc.fi/test-as/?mode=other_languages#?lang=fi&stats_reduce=word&cqp=%5Blemma%20%3D%20%22dandannu%5Ball-powerful-one%5DN%22%5D%20%5B%5D%7B0,8%7D%20%5Blemma%20%3D%20%22ilu%5Bgod%5DN%22%5D&corpus=oracc_adsd,oracc_ario,oracc_blms,oracc_cams,oracc_caspo,oracc_ctij,oracc_dcclt,oracc_dccmt,oracc_ecut,oracc_etcsri,oracc_hbtin,oracc_obmc,oracc_riao,oracc_ribo,oracc_rimanum,oracc_rinap,oracc_saao,oracc_others&search_tab=1&search=cqp&within=paragraph"
686,dandannu[all-powerful]AJ,[?],ilu[god]N,[?],17,3816,16,0.063,1.5,0.265,,,,"https://korp.csc.fi/test-as/?mode=other_languages#?lang=fi&stats_reduce=word&cqp=%5Blemma%20%3D%20%22dandannu%5Ball-powerful%5DAJ%22%5D%20%5B%5D%7B0,8%7D%20%5Blemma%20%3D%20%22ilu%5Bgod%5DN%22%5D&corpus=oracc_adsd,oracc_ario,oracc_blms,oracc_cams,oracc_caspo,oracc_ctij,oracc_dcclt,oracc_dccmt,oracc_ecut,oracc_etcsri,oracc_hbtin,oracc_obmc,oracc_riao,oracc_ribo,oracc_rimanum,oracc_rinap,oracc_saao,oracc_others&search_tab=1&search=cqp&within=paragraph"
870,dādu[darling]N,[?],ilu[god]N,[?],2,3816,2,0.023,7.5,0.0,,,,"https://korp.csc.fi/test-as/?mode=other_languages#?lang=fi&stats_reduce=word&cqp=%5Blemma%20%3D%20%22d%C4%81du%5Bdarling%5DN%22%5D%20%5B%5D%7B0,8%7D%20%5Blemma%20%3D%20%22ilu%5Bgod%5DN%22%5D&corpus=oracc_adsd,oracc_ario,oracc_blms,oracc_cams,oracc_caspo,oracc_ctij,oracc_dcclt,oracc_dccmt,oracc_ecut,oracc_etcsri,oracc_hbtin,oracc_obmc,oracc_riao,oracc_ribo,oracc_rimanum,oracc_rinap,oracc_saao,oracc_others&search_tab=1&search=cqp&within=paragraph"
954,ekēpu[come-close]V,[?],ilu[god]N,[?],4,3816,2,0.016,6.5,0.0,,,,"https://korp.csc.fi/test-as/?mode=other_languages#?lang=fi&stats_reduce=word&cqp=%5Blemma%20%3D%20%22ek%C4%93pu%5Bcome-close%5DV%22%5D%20%5B%5D%7B0,8%7D%20%5Blemma%20%3D%20%22ilu%5Bgod%5DN%22%5D&corpus=oracc_adsd,oracc_ario,oracc_blms,oracc_cams,oracc_caspo,oracc_ctij,oracc_dcclt,oracc_dccmt,oracc_ecut,oracc_etcsri,oracc_hbtin,oracc_obmc,oracc_riao,oracc_ribo,oracc_rimanum,oracc_rinap,oracc_saao,oracc_others&search_tab=1&search=cqp&within=paragraph"
1020,elēlu[be(come)-pure]V,[?],ilu[god]N,[?],39,3816,20,0.052,3.5,0.556,,,,"https://korp.csc.fi/test-as/?mode=other_languages#?lang=fi&stats_reduce=word&cqp=%5Blemma%20%3D%20%22el%C4%93lu%5Bbe%28come%29-pure%5DV%22%5D%20%5B%5D%7B0,8%7D%20%5Blemma%20%3D%20%22ilu%5Bgod%5DN%22%5D&corpus=oracc_adsd,oracc_ario,oracc_blms,oracc_cams,oracc_caspo,oracc_ctij,oracc_dcclt,oracc_dccmt,oracc_ecut,oracc_etcsri,oracc_hbtin,oracc_obmc,oracc_riao,oracc_ribo,oracc_rimanum,oracc_rinap,oracc_saao,oracc_others&search_tab=1&search=cqp&within=paragraph"
1056,emēqu[be(come)-wise]V,[?],ilu[god]N,[?],4,3816,2,0.016,8.0,0.059,,,,"https://korp.csc.fi/test-as/?mode=other_languages#?lang=fi&stats_reduce=word&cqp=%5Blemma%20%3D%20%22em%C4%93qu%5Bbe%28come%29-wise%5DV%22%5D%20%5B%5D%7B0,8%7D%20%5Blemma%20%3D%20%22ilu%5Bgod%5DN%22%5D&corpus=oracc_adsd,oracc_ario,oracc_blms,oracc_cams,oracc_caspo,oracc_ctij,oracc_dcclt,oracc_dccmt,oracc_ecut,oracc_etcsri,oracc_hbtin,oracc_obmc,oracc_riao,oracc_ribo,oracc_rimanum,oracc_rinap,oracc_saao,oracc_others&search_tab=1&search=cqp&within=paragraph"
1158,enšu[weak]AJ,[?],ilu[god]N,[?],13,3816,6,0.027,4.0,0.412,,,,"https://korp.csc.fi/test-as/?mode=other_languages#?lang=fi&stats_reduce=word&cqp=%5Blemma%20%3D%20%22en%C5%A1u%5Bweak%5DAJ%22%5D%20%5B%5D%7B0,8%7D%20%5Blemma%20%3D%20%22ilu%5Bgod%5DN%22%5D&corpus=oracc_adsd,oracc_ario,oracc_blms,oracc_cams,oracc_caspo,oracc_ctij,oracc_dcclt,oracc_dccmt,oracc_ecut,oracc_etcsri,oracc_hbtin,oracc_obmc,oracc_riao,oracc_ribo,oracc_rimanum,oracc_rinap,oracc_saao,oracc_others&search_tab=1&search=cqp&within=paragraph"
1176,erhu[aggressive]AJ,[?],ilu[god]N,[?],7,3816,2,0.012,4.0,0.0,,,,"https://korp.csc.fi/test-as/?mode=other_languages#?lang=fi&stats_reduce=word&cqp=%5Blemma%20%3D%20%22erhu%5Baggressive%5DAJ%22%5D%20%5B%5D%7B0,8%7D%20%5Blemma%20%3D%20%22ilu%5Bgod%5DN%22%5D&corpus=oracc_adsd,oracc_ario,oracc_blms,oracc_cams,oracc_caspo,oracc_ctij,oracc_dcclt,oracc_dccmt,oracc_ecut,oracc_etcsri,oracc_hbtin,oracc_obmc,oracc_riao,oracc_ribo,oracc_rimanum,oracc_rinap,oracc_saao,oracc_others&search_tab=1&search=cqp&within=paragraph"
1208,eršu[wise]AJ,[?],ilu[god]N,[?],10,3816,8,0.041,2.875,0.559,,,,"https://korp.csc.fi/test-as/?mode=other_languages#?lang=fi&stats_reduce=word&cqp=%5Blemma%20%3D%20%22er%C5%A1u%5Bwise%5DAJ%22%5D%20%5B%5D%7B0,8%7D%20%5Blemma%20%3D%20%22ilu%5Bgod%5DN%22%5D&corpus=oracc_adsd,oracc_ario,oracc_blms,oracc_cams,oracc_caspo,oracc_ctij,oracc_dcclt,oracc_dccmt,oracc_ecut,oracc_etcsri,oracc_hbtin,oracc_obmc,oracc_riao,oracc_ribo,oracc_rimanum,oracc_rinap,oracc_saao,oracc_others&search_tab=1&search=cqp&within=paragraph"
1291,ešû[confuse]V,[?],ilu[god]N,[?],11,3816,2,0.01,7.0,0.0,,,,"https://korp.csc.fi/test-as/?mode=other_languages#?lang=fi&stats_reduce=word&cqp=%5Blemma%20%3D%20%22e%C5%A1%C3%BB%5Bconfuse%5DV%22%5D%20%5B%5D%7B0,8%7D%20%5Blemma%20%3D%20%22ilu%5Bgod%5DN%22%5D&corpus=oracc_adsd,oracc_ario,oracc_blms,oracc_cams,oracc_caspo,oracc_ctij,oracc_dcclt,oracc_dccmt,oracc_ecut,oracc_etcsri,oracc_hbtin,oracc_obmc,oracc_riao,oracc_ribo,oracc_rimanum,oracc_rinap,oracc_saao,oracc_others&search_tab=1&search=cqp&within=paragraph"
1306,eʾiltu[bond]N,[?],ilu[god]N,[?],4,3816,2,0.016,2.0,0.412,,,,"https://korp.csc.fi/test-as/?mode=other_languages#?lang=fi&stats_reduce=word&cqp=%5Blemma%20%3D%20%22e%CA%BEiltu%5Bbond%5DN%22%5D%20%5B%5D%7B0,8%7D%20%5Blemma%20%3D%20%22ilu%5Bgod%5DN%22%5D&corpus=oracc_adsd,oracc_ario,oracc_blms,oracc_cams,oracc_caspo,oracc_ctij,oracc_dcclt,oracc_dccmt,oracc_ecut,oracc_etcsri,oracc_hbtin,oracc_obmc,oracc_riao,oracc_ribo,oracc_rimanum,oracc_rinap,oracc_saao,oracc_others&search_tab=1&search=cqp&within=paragraph"
1360,galamāhu[chief-lamentation-priest]N,[?],ilu[god]N,[?],2,3816,2,0.023,3.5,0.0,,,,"https://korp.csc.fi/test-as/?mode=other_languages#?lang=fi&stats_reduce=word&cqp=%5Blemma%20%3D%20%22galam%C4%81hu%5Bchief-lamentation-priest%5DN%22%5D%20%5B%5D%7B0,8%7D%20%5Blemma%20%3D%20%22ilu%5Bgod%5DN%22%5D&corpus=oracc_adsd,oracc_ario,oracc_blms,oracc_cams,oracc_caspo,oracc_ctij,oracc_dcclt,oracc_dccmt,oracc_ecut,oracc_etcsri,oracc_hbtin,oracc_obmc,oracc_riao,oracc_ribo,oracc_rimanum,oracc_rinap,oracc_saao,oracc_others&search_tab=1&search=cqp&within=paragraph"
1518,gitmālu[perfect-one]N,[?],ilu[god]N,[?],5,3816,4,0.029,2.0,0.588,,,,"https://korp.csc.fi/test-as/?mode=other_languages#?lang=fi&stats_reduce=word&cqp=%5Blemma%20%3D%20%22gitm%C4%81lu%5Bperfect-one%5DN%22%5D%20%5B%5D%7B0,8%7D%20%5Blemma%20%3D%20%22ilu%5Bgod%5DN%22%5D&corpus=oracc_adsd,oracc_ario,oracc_blms,oracc_cams,oracc_caspo,oracc_ctij,oracc_dcclt,oracc_dccmt,oracc_ecut,oracc_etcsri,oracc_hbtin,oracc_obmc,oracc_riao,oracc_ribo,oracc_rimanum,oracc_rinap,oracc_saao,oracc_others&search_tab=1&search=cqp&within=paragraph"
1645,gāmiru[strong]AJ,[?],ilu[god]N,[?],8,3816,5,0.029,3.6,0.318,,,,"https://korp.csc.fi/test-as/?mode=other_languages#?lang=fi&stats_reduce=word&cqp=%5Blemma%20%3D%20%22g%C4%81miru%5Bstrong%5DAJ%22%5D%20%5B%5D%7B0,8%7D%20%5Blemma%20%3D%20%22ilu%5Bgod%5DN%22%5D&corpus=oracc_adsd,oracc_ario,oracc_blms,oracc_cams,oracc_caspo,oracc_ctij,oracc_dcclt,oracc_dccmt,oracc_ecut,oracc_etcsri,oracc_hbtin,oracc_obmc,oracc_riao,oracc_ribo,oracc_rimanum,oracc_rinap,oracc_saao,oracc_others&search_tab=1&search=cqp&within=paragraph"
1772,hasāsu[be(come)-conscious]V,[?],ilu[god]N,[?],123,3816,55,0.08,4.255,0.761,,,,"https://korp.csc.fi/test-as/?mode=other_languages#?lang=fi&stats_reduce=word&cqp=%5Blemma%20%3D%20%22has%C4%81su%5Bbe%28come%29-conscious%5DV%22%5D%20%5B%5D%7B0,8%7D%20%5Blemma%20%3D%20%22ilu%5Bgod%5DN%22%5D&corpus=oracc_adsd,oracc_ario,oracc_blms,oracc_cams,oracc_caspo,oracc_ctij,oracc_dcclt,oracc_dccmt,oracc_ecut,oracc_etcsri,oracc_hbtin,oracc_obmc,oracc_riao,oracc_ribo,oracc_rimanum,oracc_rinap,oracc_saao,oracc_others&search_tab=1&search=cqp&within=paragraph"
1791,hasīsu[ear]N,[?],ilu[god]N,[?],55,3816,31,0.067,4.355,0.433,,,,"https://korp.csc.fi/test-as/?mode=other_languages#?lang=fi&stats_reduce=word&cqp=%5Blemma%20%3D%20%22has%C4%ABsu%5Bear%5DN%22%5D%20%5B%5D%7B0,8%7D%20%5Blemma%20%3D%20%22ilu%5Bgod%5DN%22%5D&corpus=oracc_adsd,oracc_ario,oracc_blms,oracc_cams,oracc_caspo,oracc_ctij,oracc_dcclt,oracc_dccmt,oracc_ecut,oracc_etcsri,oracc_hbtin,oracc_obmc,oracc_riao,oracc_ribo,oracc_rimanum,oracc_rinap,oracc_saao,oracc_others&search_tab=1&search=cqp&within=paragraph"
1805,hatû[(meaning-unclear)]V,[?],ilu[god]N,[?],3,3816,3,0.028,3.0,0.667,,,,"https://korp.csc.fi/test-as/?mode=other_languages#?lang=fi&stats_reduce=word&cqp=%5Blemma%20%3D%20%22hat%C3%BB%5B%28meaning-unclear%29%5DV%22%5D%20%5B%5D%7B0,8%7D%20%5Blemma%20%3D%20%22ilu%5Bgod%5DN%22%5D&corpus=oracc_adsd,oracc_ario,oracc_blms,oracc_cams,oracc_caspo,oracc_ctij,oracc_dcclt,oracc_dccmt,oracc_ecut,oracc_etcsri,oracc_hbtin,oracc_obmc,oracc_riao,oracc_ribo,oracc_rimanum,oracc_rinap,oracc_saao,oracc_others&search_tab=1&search=cqp&within=paragraph"
1808,hatāpu[slaughter]V,[?],ilu[god]N,[?],4,3816,3,0.024,5.0,0.176,,,,"https://korp.csc.fi/test-as/?mode=other_languages#?lang=fi&stats_reduce=word&cqp=%5Blemma%20%3D%20%22hat%C4%81pu%5Bslaughter%5DV%22%5D%20%5B%5D%7B0,8%7D%20%5Blemma%20%3D%20%22ilu%5Bgod%5DN%22%5D&corpus=oracc_adsd,oracc_ario,oracc_blms,oracc_cams,oracc_caspo,oracc_ctij,oracc_dcclt,oracc_dccmt,oracc_ecut,oracc_etcsri,oracc_hbtin,oracc_obmc,oracc_riao,oracc_ribo,oracc_rimanum,oracc_rinap,oracc_saao,oracc_others&search_tab=1&search=cqp&within=paragraph"
1905,igigallu[wisdom]N,[?],ilu[god]N,[?],10,3816,4,0.02,3.25,0.147,,,,"https://korp.csc.fi/test-as/?mode=other_languages#?lang=fi&stats_reduce=word&cqp=%5Blemma%20%3D%20%22igigallu%5Bwisdom%5DN%22%5D%20%5B%5D%7B0,8%7D%20%5Blemma%20%3D%20%22ilu%5Bgod%5DN%22%5D&corpus=oracc_adsd,oracc_ario,oracc_blms,oracc_cams,oracc_caspo,oracc_ctij,oracc_dcclt,oracc_dccmt,oracc_ecut,oracc_etcsri,oracc_hbtin,oracc_obmc,oracc_riao,oracc_ribo,oracc_rimanum,oracc_rinap,oracc_saao,oracc_others&search_tab=1&search=cqp&within=paragraph"
1914,igigallūtu[wisdom]N,[?],ilu[god]N,[?],4,3816,3,0.024,4.0,0.176,,,,"https://korp.csc.fi/test-as/?mode=other_languages#?lang=fi&stats_reduce=word&cqp=%5Blemma%20%3D%20%22igigall%C5%ABtu%5Bwisdom%5DN%22%5D%20%5B%5D%7B0,8%7D%20%5Blemma%20%3D%20%22ilu%5Bgod%5DN%22%5D&corpus=oracc_adsd,oracc_ario,oracc_blms,oracc_cams,oracc_caspo,oracc_ctij,oracc_dcclt,oracc_dccmt,oracc_ecut,oracc_etcsri,oracc_hbtin,oracc_obmc,oracc_riao,oracc_ribo,oracc_rimanum,oracc_rinap,oracc_saao,oracc_others&search_tab=1&search=cqp&within=paragraph"
2167,kalû[totality]N,[?],ilu[god]N,[?],529,3816,196,0.137,2.903,0.53,,,,"https://korp.csc.fi/test-as/?mode=other_languages#?lang=fi&stats_reduce=word&cqp=%5Blemma%20%3D%20%22kal%C3%BB%5Btotality%5DN%22%5D%20%5B%5D%7B0,8%7D%20%5Blemma%20%3D%20%22ilu%5Bgod%5DN%22%5D&corpus=oracc_adsd,oracc_ario,oracc_blms,oracc_cams,oracc_caspo,oracc_ctij,oracc_dcclt,oracc_dccmt,oracc_ecut,oracc_etcsri,oracc_hbtin,oracc_obmc,oracc_riao,oracc_ribo,oracc_rimanum,oracc_rinap,oracc_saao,oracc_others&search_tab=1&search=cqp&within=paragraph"
2188,kamlu[angry]AJ,[?],ilu[god]N,[?],2,3816,4,0.046,3.0,0.559,,,,"https://korp.csc.fi/test-as/?mode=other_languages#?lang=fi&stats_reduce=word&cqp=%5Blemma%20%3D%20%22kamlu%5Bangry%5DAJ%22%5D%20%5B%5D%7B0,8%7D%20%5Blemma%20%3D%20%22ilu%5Bgod%5DN%22%5D&corpus=oracc_adsd,oracc_ario,oracc_blms,oracc_cams,oracc_caspo,oracc_ctij,oracc_dcclt,oracc_dccmt,oracc_ecut,oracc_etcsri,oracc_hbtin,oracc_obmc,oracc_riao,oracc_ribo,oracc_rimanum,oracc_rinap,oracc_saao,oracc_others&search_tab=1&search=cqp&within=paragraph"
2215,kamāru_2[defeat]N,[?],ilu[god]N,[?],6,3816,6,0.04,3.0,0.755,,,,"https://korp.csc.fi/test-as/?mode=other_languages#?lang=fi&stats_reduce=word&cqp=%5Blemma%20%3D%20%22kam%C4%81ru%5Bdefeat%5DN%22%5D%20%5B%5D%7B0,8%7D%20%5Blemma%20%3D%20%22ilu%5Bgod%5DN%22%5D&corpus=oracc_adsd,oracc_ario,oracc_blms,oracc_cams,oracc_caspo,oracc_ctij,oracc_dcclt,oracc_dccmt,oracc_ecut,oracc_etcsri,oracc_hbtin,oracc_obmc,oracc_riao,oracc_ribo,oracc_rimanum,oracc_rinap,oracc_saao,oracc_others&search_tab=1&search=cqp&within=paragraph"
2274,karābu[pray]V,[?],ilu[god]N,[?],895,3816,116,0.062,5.44,0.519,,,,"https://korp.csc.fi/test-as/?mode=other_languages#?lang=fi&stats_reduce=word&cqp=%5Blemma%20%3D%20%22kar%C4%81bu%5Bpray%5DV%22%5D%20%5B%5D%7B0,8%7D%20%5Blemma%20%3D%20%22ilu%5Bgod%5DN%22%5D&corpus=oracc_adsd,oracc_ario,oracc_blms,oracc_cams,oracc_caspo,oracc_ctij,oracc_dcclt,oracc_dccmt,oracc_ecut,oracc_etcsri,oracc_hbtin,oracc_obmc,oracc_riao,oracc_ribo,oracc_rimanum,oracc_rinap,oracc_saao,oracc_others&search_tab=1&search=cqp&within=paragraph"
2311,kaškaššu[all-powerful-one]N,[?],ilu[god]N,[?],14,3816,18,0.078,1.222,0.412,,,,"https://korp.csc.fi/test-as/?mode=other_languages#?lang=fi&stats_reduce=word&cqp=%5Blemma%20%3D%20%22ka%C5%A1ka%C5%A1%C5%A1u%5Ball-powerful-one%5DN%22%5D%20%5B%5D%7B0,8%7D%20%5Blemma%20%3D%20%22ilu%5Bgod%5DN%22%5D&corpus=oracc_adsd,oracc_ario,oracc_blms,oracc_cams,oracc_caspo,oracc_ctij,oracc_dcclt,oracc_dccmt,oracc_ecut,oracc_etcsri,oracc_hbtin,oracc_obmc,oracc_riao,oracc_ribo,oracc_rimanum,oracc_rinap,oracc_saao,oracc_others&search_tab=1&search=cqp&within=paragraph"
2318,kaškaššu[all-powerful]AJ,[?],ilu[god]N,[?],4,3816,3,0.024,1.0,0.569,,,,"https://korp.csc.fi/test-as/?mode=other_languages#?lang=fi&stats_reduce=word&cqp=%5Blemma%20%3D%20%22ka%C5%A1ka%C5%A1%C5%A1u%5Ball-powerful%5DAJ%22%5D%20%5B%5D%7B0,8%7D%20%5Blemma%20%3D%20%22ilu%5Bgod%5DN%22%5D&corpus=oracc_adsd,oracc_ario,oracc_blms,oracc_cams,oracc_caspo,oracc_ctij,oracc_dcclt,oracc_dccmt,oracc_ecut,oracc_etcsri,oracc_hbtin,oracc_obmc,oracc_riao,oracc_ribo,oracc_rimanum,oracc_rinap,oracc_saao,oracc_others&search_tab=1&search=cqp&within=paragraph"
2356,kašūšu[(divine-weapon)]N,[?],ilu[god]N,[?],15,3816,12,0.05,1.0,0.716,,,,"https://korp.csc.fi/test-as/?mode=other_languages#?lang=fi&stats_reduce=word&cqp=%5Blemma%20%3D%20%22ka%C5%A1%C5%AB%C5%A1u%5B%28divine-weapon%29%5DN%22%5D%20%5B%5D%7B0,8%7D%20%5Blemma%20%3D%20%22ilu%5Bgod%5DN%22%5D&corpus=oracc_adsd,oracc_ario,oracc_blms,oracc_cams,oracc_caspo,oracc_ctij,oracc_dcclt,oracc_dccmt,oracc_ecut,oracc_etcsri,oracc_hbtin,oracc_obmc,oracc_riao,oracc_ribo,oracc_rimanum,oracc_rinap,oracc_saao,oracc_others&search_tab=1&search=cqp&within=paragraph"
2709,lakû[weak-(person)]N,[?],ilu[god]N,[?],6,3816,2,0.013,7.0,0.118,,,,"https://korp.csc.fi/test-as/?mode=other_languages#?lang=fi&stats_reduce=word&cqp=%5Blemma%20%3D%20%22lak%C3%BB%5Bweak-%28person%29%5DN%22%5D%20%5B%5D%7B0,8%7D%20%5Blemma%20%3D%20%22ilu%5Bgod%5DN%22%5D&corpus=oracc_adsd,oracc_ario,oracc_blms,oracc_cams,oracc_caspo,oracc_ctij,oracc_dcclt,oracc_dccmt,oracc_ecut,oracc_etcsri,oracc_hbtin,oracc_obmc,oracc_riao,oracc_ribo,oracc_rimanum,oracc_rinap,oracc_saao,oracc_others&search_tab=1&search=cqp&within=paragraph"
2858,libbātu[rage]N,[?],ilu[god]N,[?],11,3816,2,0.01,4.0,0.088,,,,"https://korp.csc.fi/test-as/?mode=other_languages#?lang=fi&stats_reduce=word&cqp=%5Blemma%20%3D%20%22libb%C4%81tu%5Brage%5DN%22%5D%20%5B%5D%7B0,8%7D%20%5Blemma%20%3D%20%22ilu%5Bgod%5DN%22%5D&corpus=oracc_adsd,oracc_ario,oracc_blms,oracc_cams,oracc_caspo,oracc_ctij,oracc_dcclt,oracc_dccmt,oracc_ecut,oracc_etcsri,oracc_hbtin,oracc_obmc,oracc_riao,oracc_ribo,oracc_rimanum,oracc_rinap,oracc_saao,oracc_others&search_tab=1&search=cqp&within=paragraph"
3145,mašmaššu[incantation-priest]N,[?],ilu[god]N,[?],15,3816,3,0.012,1.0,0.196,,,,"https://korp.csc.fi/test-as/?mode=other_languages#?lang=fi&stats_reduce=word&cqp=%5Blemma%20%3D%20%22ma%C5%A1ma%C5%A1%C5%A1u%5Bincantation-priest%5DN%22%5D%20%5B%5D%7B0,8%7D%20%5Blemma%20%3D%20%22ilu%5Bgod%5DN%22%5D&corpus=oracc_adsd,oracc_ario,oracc_blms,oracc_cams,oracc_caspo,oracc_ctij,oracc_dcclt,oracc_dccmt,oracc_ecut,oracc_etcsri,oracc_hbtin,oracc_obmc,oracc_riao,oracc_ribo,oracc_rimanum,oracc_rinap,oracc_saao,oracc_others&search_tab=1&search=cqp&within=paragraph"
3164,migru[consent]N,[?],ilu[god]N,[?],103,3816,79,0.126,2.253,0.648,,,,"https://korp.csc.fi/test-as/?mode=other_languages#?lang=fi&stats_reduce=word&cqp=%5Blemma%20%3D%20%22migru%5Bconsent%5DN%22%5D%20%5B%5D%7B0,8%7D%20%5Blemma%20%3D%20%22ilu%5Bgod%5DN%22%5D&corpus=oracc_adsd,oracc_ario,oracc_blms,oracc_cams,oracc_caspo,oracc_ctij,oracc_dcclt,oracc_dccmt,oracc_ecut,oracc_etcsri,oracc_hbtin,oracc_obmc,oracc_riao,oracc_ribo,oracc_rimanum,oracc_rinap,oracc_saao,oracc_others&search_tab=1&search=cqp&within=paragraph"
3276,munnišu[weakening]AJ,[?],ilu[god]N,[?],3,3816,4,0.037,1.0,0.279,,,,"https://korp.csc.fi/test-as/?mode=other_languages#?lang=fi&stats_reduce=word&cqp=%5Blemma%20%3D%20%22munni%C5%A1u%5Bweakening%5DAJ%22%5D%20%5B%5D%7B0,8%7D%20%5Blemma%20%3D%20%22ilu%5Bgod%5DN%22%5D&corpus=oracc_adsd,oracc_ario,oracc_blms,oracc_cams,oracc_caspo,oracc_ctij,oracc_dcclt,oracc_dccmt,oracc_ecut,oracc_etcsri,oracc_hbtin,oracc_obmc,oracc_riao,oracc_ribo,oracc_rimanum,oracc_rinap,oracc_saao,oracc_others&search_tab=1&search=cqp&within=paragraph"
3367,mētellu[lordship]N,[?],ilu[god]N,[?],5,3816,4,0.029,8.0,0.5,,,,"https://korp.csc.fi/test-as/?mode=other_languages#?lang=fi&stats_reduce=word&cqp=%5Blemma%20%3D%20%22m%C4%93tellu%5Blordship%5DN%22%5D%20%5B%5D%7B0,8%7D%20%5Blemma%20%3D%20%22ilu%5Bgod%5DN%22%5D&corpus=oracc_adsd,oracc_ario,oracc_blms,oracc_cams,oracc_caspo,oracc_ctij,oracc_dcclt,oracc_dccmt,oracc_ecut,oracc_etcsri,oracc_hbtin,oracc_obmc,oracc_riao,oracc_ribo,oracc_rimanum,oracc_rinap,oracc_saao,oracc_others&search_tab=1&search=cqp&within=paragraph"
3437,mūdû[knowing]AJ,[?],ilu[god]N,[?],26,3816,20,0.063,3.55,0.494,,,,"https://korp.csc.fi/test-as/?mode=other_languages#?lang=fi&stats_reduce=word&cqp=%5Blemma%20%3D%20%22m%C5%ABd%C3%BB%5Bknowing%5DAJ%22%5D%20%5B%5D%7B0,8%7D%20%5Blemma%20%3D%20%22ilu%5Bgod%5DN%22%5D&corpus=oracc_adsd,oracc_ario,oracc_blms,oracc_cams,oracc_caspo,oracc_ctij,oracc_dcclt,oracc_dccmt,oracc_ecut,oracc_etcsri,oracc_hbtin,oracc_obmc,oracc_riao,oracc_ribo,oracc_rimanum,oracc_rinap,oracc_saao,oracc_others&search_tab=1&search=cqp&within=paragraph"
3449,mūru[young-animal]N,[?],ilu[god]N,[?],13,3816,3,0.013,6.667,0.039,,,,"https://korp.csc.fi/test-as/?mode=other_languages#?lang=fi&stats_reduce=word&cqp=%5Blemma%20%3D%20%22m%C5%ABru%5Byoung-animal%5DN%22%5D%20%5B%5D%7B0,8%7D%20%5Blemma%20%3D%20%22ilu%5Bgod%5DN%22%5D&corpus=oracc_adsd,oracc_ario,oracc_blms,oracc_cams,oracc_caspo,oracc_ctij,oracc_dcclt,oracc_dccmt,oracc_ecut,oracc_etcsri,oracc_hbtin,oracc_obmc,oracc_riao,oracc_ribo,oracc_rimanum,oracc_rinap,oracc_saao,oracc_others&search_tab=1&search=cqp&within=paragraph"
3493,nadru[wild]AJ,[?],ilu[god]N,[?],11,3816,3,0.015,7.667,0.333,,,,"https://korp.csc.fi/test-as/?mode=other_languages#?lang=fi&stats_reduce=word&cqp=%5Blemma%20%3D%20%22nadru%5Bwild%5DAJ%22%5D%20%5B%5D%7B0,8%7D%20%5Blemma%20%3D%20%22ilu%5Bgod%5DN%22%5D&corpus=oracc_adsd,oracc_ario,oracc_blms,oracc_cams,oracc_caspo,oracc_ctij,oracc_dcclt,oracc_dccmt,oracc_ecut,oracc_etcsri,oracc_hbtin,oracc_obmc,oracc_riao,oracc_ribo,oracc_rimanum,oracc_rinap,oracc_saao,oracc_others&search_tab=1&search=cqp&within=paragraph"
3585,nakādu[beat]V,[?],ilu[god]N,[?],12,3816,8,0.037,6.5,0.801,,,,"https://korp.csc.fi/test-as/?mode=other_languages#?lang=fi&stats_reduce=word&cqp=%5Blemma%20%3D%20%22nak%C4%81du%5Bbeat%5DV%22%5D%20%5B%5D%7B0,8%7D%20%5Blemma%20%3D%20%22ilu%5Bgod%5DN%22%5D&corpus=oracc_adsd,oracc_ario,oracc_blms,oracc_cams,oracc_caspo,oracc_ctij,oracc_dcclt,oracc_dccmt,oracc_ecut,oracc_etcsri,oracc_hbtin,oracc_obmc,oracc_riao,oracc_ribo,oracc_rimanum,oracc_rinap,oracc_saao,oracc_others&search_tab=1&search=cqp&within=paragraph"
3734,naʾāru[roar]V,[?],ilu[god]N,[?],3,3816,2,0.019,6.0,0.088,,,,"https://korp.csc.fi/test-as/?mode=other_languages#?lang=fi&stats_reduce=word&cqp=%5Blemma%20%3D%20%22na%CA%BE%C4%81ru%5Broar%5DV%22%5D%20%5B%5D%7B0,8%7D%20%5Blemma%20%3D%20%22ilu%5Bgod%5DN%22%5D&corpus=oracc_adsd,oracc_ario,oracc_blms,oracc_cams,oracc_caspo,oracc_ctij,oracc_dcclt,oracc_dccmt,oracc_ecut,oracc_etcsri,oracc_hbtin,oracc_obmc,oracc_riao,oracc_ribo,oracc_rimanum,oracc_rinap,oracc_saao,oracc_others&search_tab=1&search=cqp&within=paragraph"
3763,nindabû[(food)-offering]N,[?],ilu[god]N,[?],27,3816,21,0.065,2.857,0.261,,,,"https://korp.csc.fi/test-as/?mode=other_languages#?lang=fi&stats_reduce=word&cqp=%5Blemma%20%3D%20%22nindab%C3%BB%5B%28food%29-offering%5DN%22%5D%20%5B%5D%7B0,8%7D%20%5Blemma%20%3D%20%22ilu%5Bgod%5DN%22%5D&corpus=oracc_adsd,oracc_ario,oracc_blms,oracc_cams,oracc_caspo,oracc_ctij,oracc_dcclt,oracc_dccmt,oracc_ecut,oracc_etcsri,oracc_hbtin,oracc_obmc,oracc_riao,oracc_ribo,oracc_rimanum,oracc_rinap,oracc_saao,oracc_others&search_tab=1&search=cqp&within=paragraph"
3932,nīšu_1[(oath-on-the)-life]N,[?],ilu[god]N,[?],43,3816,30,0.074,1.467,0.402,,,,"https://korp.csc.fi/test-as/?mode=other_languages#?lang=fi&stats_reduce=word&cqp=%5Blemma%20%3D%20%22n%C4%AB%C5%A1u%5B%28oath-on-the%29-life%5DN%22%5D%20%5B%5D%7B0,8%7D%20%5Blemma%20%3D%20%22ilu%5Bgod%5DN%22%5D&corpus=oracc_adsd,oracc_ario,oracc_blms,oracc_cams,oracc_caspo,oracc_ctij,oracc_dcclt,oracc_dccmt,oracc_ecut,oracc_etcsri,oracc_hbtin,oracc_obmc,oracc_riao,oracc_ribo,oracc_rimanum,oracc_rinap,oracc_saao,oracc_others&search_tab=1&search=cqp&within=paragraph"
4001,palhiš[fearfully]AV,[?],ilu[god]N,[?],6,3816,3,0.02,4.0,0.137,,,,"https://korp.csc.fi/test-as/?mode=other_languages#?lang=fi&stats_reduce=word&cqp=%5Blemma%20%3D%20%22palhi%C5%A1%5Bfearfully%5DAV%22%5D%20%5B%5D%7B0,8%7D%20%5Blemma%20%3D%20%22ilu%5Bgod%5DN%22%5D&corpus=oracc_adsd,oracc_ario,oracc_blms,oracc_cams,oracc_caspo,oracc_ctij,oracc_dcclt,oracc_dccmt,oracc_ecut,oracc_etcsri,oracc_hbtin,oracc_obmc,oracc_riao,oracc_ribo,oracc_rimanum,oracc_rinap,oracc_saao,oracc_others&search_tab=1&search=cqp&within=paragraph"
4252,qalālu[be(come)-light]V,[?],ilu[god]N,[?],9,3816,2,0.011,1.0,0.088,,,,"https://korp.csc.fi/test-as/?mode=other_languages#?lang=fi&stats_reduce=word&cqp=%5Blemma%20%3D%20%22qal%C4%81lu%5Bbe%28come%29-light%5DV%22%5D%20%5B%5D%7B0,8%7D%20%5Blemma%20%3D%20%22ilu%5Bgod%5DN%22%5D&corpus=oracc_adsd,oracc_ario,oracc_blms,oracc_cams,oracc_caspo,oracc_ctij,oracc_dcclt,oracc_dccmt,oracc_ecut,oracc_etcsri,oracc_hbtin,oracc_obmc,oracc_riao,oracc_ribo,oracc_rimanum,oracc_rinap,oracc_saao,oracc_others&search_tab=1&search=cqp&within=paragraph"
4350,qardūtu[heroism]N,[?],ilu[god]N,[?],7,3816,3,0.018,5.667,0.0,,,,"https://korp.csc.fi/test-as/?mode=other_languages#?lang=fi&stats_reduce=word&cqp=%5Blemma%20%3D%20%22qard%C5%ABtu%5Bheroism%5DN%22%5D%20%5B%5D%7B0,8%7D%20%5Blemma%20%3D%20%22ilu%5Bgod%5DN%22%5D&corpus=oracc_adsd,oracc_ario,oracc_blms,oracc_cams,oracc_caspo,oracc_ctij,oracc_dcclt,oracc_dccmt,oracc_ecut,oracc_etcsri,oracc_hbtin,oracc_obmc,oracc_riao,oracc_ribo,oracc_rimanum,oracc_rinap,oracc_saao,oracc_others&search_tab=1&search=cqp&within=paragraph"
4385,qarrādūtu[heroism]N,[?],ilu[god]N,[?],12,3816,3,0.014,3.667,0.255,,,,"https://korp.csc.fi/test-as/?mode=other_languages#?lang=fi&stats_reduce=word&cqp=%5Blemma%20%3D%20%22qarr%C4%81d%C5%ABtu%5Bheroism%5DN%22%5D%20%5B%5D%7B0,8%7D%20%5Blemma%20%3D%20%22ilu%5Bgod%5DN%22%5D&corpus=oracc_adsd,oracc_ario,oracc_blms,oracc_cams,oracc_caspo,oracc_ctij,oracc_dcclt,oracc_dccmt,oracc_ecut,oracc_etcsri,oracc_hbtin,oracc_obmc,oracc_riao,oracc_ribo,oracc_rimanum,oracc_rinap,oracc_saao,oracc_others&search_tab=1&search=cqp&within=paragraph"
4648,raʾbu[raging]AJ,[?],ilu[god]N,[?],7,3816,2,0.012,6.0,0.0,,,,"https://korp.csc.fi/test-as/?mode=other_languages#?lang=fi&stats_reduce=word&cqp=%5Blemma%20%3D%20%22ra%CA%BEbu%5Braging%5DAJ%22%5D%20%5B%5D%7B0,8%7D%20%5Blemma%20%3D%20%22ilu%5Bgod%5DN%22%5D&corpus=oracc_adsd,oracc_ario,oracc_blms,oracc_cams,oracc_caspo,oracc_ctij,oracc_dcclt,oracc_dccmt,oracc_ecut,oracc_etcsri,oracc_hbtin,oracc_obmc,oracc_riao,oracc_ribo,oracc_rimanum,oracc_rinap,oracc_saao,oracc_others&search_tab=1&search=cqp&within=paragraph"
4669,raʾābu[shake]V,[?],ilu[god]N,[?],32,3816,8,0.023,4.0,0.14,,,,"https://korp.csc.fi/test-as/?mode=other_languages#?lang=fi&stats_reduce=word&cqp=%5Blemma%20%3D%20%22ra%CA%BE%C4%81bu%5Bshake%5DV%22%5D%20%5B%5D%7B0,8%7D%20%5Blemma%20%3D%20%22ilu%5Bgod%5DN%22%5D&corpus=oracc_adsd,oracc_ario,oracc_blms,oracc_cams,oracc_caspo,oracc_ctij,oracc_dcclt,oracc_dccmt,oracc_ecut,oracc_etcsri,oracc_hbtin,oracc_obmc,oracc_riao,oracc_ribo,oracc_rimanum,oracc_rinap,oracc_saao,oracc_others&search_tab=1&search=cqp&within=paragraph"
4678,raṣmu[powerful]AJ,[?],ilu[god]N,[?],2,3816,4,0.046,1.0,0.485,,,,"https://korp.csc.fi/test-as/?mode=other_languages#?lang=fi&stats_reduce=word&cqp=%5Blemma%20%3D%20%22ra%E1%B9%A3mu%5Bpowerful%5DAJ%22%5D%20%5B%5D%7B0,8%7D%20%5Blemma%20%3D%20%22ilu%5Bgod%5DN%22%5D&corpus=oracc_adsd,oracc_ario,oracc_blms,oracc_cams,oracc_caspo,oracc_ctij,oracc_dcclt,oracc_dccmt,oracc_ecut,oracc_etcsri,oracc_hbtin,oracc_obmc,oracc_riao,oracc_ribo,oracc_rimanum,oracc_rinap,oracc_saao,oracc_others&search_tab=1&search=cqp&within=paragraph"
4697,rehû[pour-out]V,[?],ilu[god]N,[?],13,3816,4,0.018,3.0,0.353,,,,"https://korp.csc.fi/test-as/?mode=other_languages#?lang=fi&stats_reduce=word&cqp=%5Blemma%20%3D%20%22reh%C3%BB%5Bpour-out%5DV%22%5D%20%5B%5D%7B0,8%7D%20%5Blemma%20%3D%20%22ilu%5Bgod%5DN%22%5D&corpus=oracc_adsd,oracc_ario,oracc_blms,oracc_cams,oracc_caspo,oracc_ctij,oracc_dcclt,oracc_dccmt,oracc_ecut,oracc_etcsri,oracc_hbtin,oracc_obmc,oracc_riao,oracc_ribo,oracc_rimanum,oracc_rinap,oracc_saao,oracc_others&search_tab=1&search=cqp&within=paragraph"
4875,sarruru[pray-to]V,[?],ilu[god]N,[?],8,3816,2,0.011,1.0,0.412,,,,"https://korp.csc.fi/test-as/?mode=other_languages#?lang=fi&stats_reduce=word&cqp=%5Blemma%20%3D%20%22sarruru%5Bpray-to%5DV%22%5D%20%5B%5D%7B0,8%7D%20%5Blemma%20%3D%20%22ilu%5Bgod%5DN%22%5D&corpus=oracc_adsd,oracc_ario,oracc_blms,oracc_cams,oracc_caspo,oracc_ctij,oracc_dcclt,oracc_dccmt,oracc_ecut,oracc_etcsri,oracc_hbtin,oracc_obmc,oracc_riao,oracc_ribo,oracc_rimanum,oracc_rinap,oracc_saao,oracc_others&search_tab=1&search=cqp&within=paragraph"
4965,talīmu[favourite-brother]N,[?],ilu[god]N,[?],5,3816,2,0.014,7.0,0.441,,,,"https://korp.csc.fi/test-as/?mode=other_languages#?lang=fi&stats_reduce=word&cqp=%5Blemma%20%3D%20%22tal%C4%ABmu%5Bfavourite-brother%5DN%22%5D%20%5B%5D%7B0,8%7D%20%5Blemma%20%3D%20%22ilu%5Bgod%5DN%22%5D&corpus=oracc_adsd,oracc_ario,oracc_blms,oracc_cams,oracc_caspo,oracc_ctij,oracc_dcclt,oracc_dccmt,oracc_ecut,oracc_etcsri,oracc_hbtin,oracc_obmc,oracc_riao,oracc_ribo,oracc_rimanum,oracc_rinap,oracc_saao,oracc_others&search_tab=1&search=cqp&within=paragraph"
5029,targīgu[evildoer]N,[?],ilu[god]N,[?],6,3816,5,0.033,3.2,0.329,,,,"https://korp.csc.fi/test-as/?mode=other_languages#?lang=fi&stats_reduce=word&cqp=%5Blemma%20%3D%20%22targ%C4%ABgu%5Bevildoer%5DN%22%5D%20%5B%5D%7B0,8%7D%20%5Blemma%20%3D%20%22ilu%5Bgod%5DN%22%5D&corpus=oracc_adsd,oracc_ario,oracc_blms,oracc_cams,oracc_caspo,oracc_ctij,oracc_dcclt,oracc_dccmt,oracc_ecut,oracc_etcsri,oracc_hbtin,oracc_obmc,oracc_riao,oracc_ribo,oracc_rimanum,oracc_rinap,oracc_saao,oracc_others&search_tab=1&search=cqp&within=paragraph"
5106,tiklu[help]N,[?],ilu[god]N,[?],87,3816,94,0.163,1.074,0.578,,,,"https://korp.csc.fi/test-as/?mode=other_languages#?lang=fi&stats_reduce=word&cqp=%5Blemma%20%3D%20%22tiklu%5Bhelp%5DN%22%5D%20%5B%5D%7B0,8%7D%20%5Blemma%20%3D%20%22ilu%5Bgod%5DN%22%5D&corpus=oracc_adsd,oracc_ario,oracc_blms,oracc_cams,oracc_caspo,oracc_ctij,oracc_dcclt,oracc_dccmt,oracc_ecut,oracc_etcsri,oracc_hbtin,oracc_obmc,oracc_riao,oracc_ribo,oracc_rimanum,oracc_rinap,oracc_saao,oracc_others&search_tab=1&search=cqp&within=paragraph"
5163,tilpānu[bow]N,[?],ilu[god]N,[?],8,3816,2,0.011,3.0,0.265,,,,"https://korp.csc.fi/test-as/?mode=other_languages#?lang=fi&stats_reduce=word&cqp=%5Blemma%20%3D%20%22tilp%C4%81nu%5Bbow%5DN%22%5D%20%5B%5D%7B0,8%7D%20%5Blemma%20%3D%20%22ilu%5Bgod%5DN%22%5D&corpus=oracc_adsd,oracc_ario,oracc_blms,oracc_cams,oracc_caspo,oracc_ctij,oracc_dcclt,oracc_dccmt,oracc_ecut,oracc_etcsri,oracc_hbtin,oracc_obmc,oracc_riao,oracc_ribo,oracc_rimanum,oracc_rinap,oracc_saao,oracc_others&search_tab=1&search=cqp&within=paragraph"
5263,uggatu[rage]N,[?],ilu[god]N,[?],9,3816,8,0.043,3.5,0.456,,,,"https://korp.csc.fi/test-as/?mode=other_languages#?lang=fi&stats_reduce=word&cqp=%5Blemma%20%3D%20%22uggatu%5Brage%5DN%22%5D%20%5B%5D%7B0,8%7D%20%5Blemma%20%3D%20%22ilu%5Bgod%5DN%22%5D&corpus=oracc_adsd,oracc_ario,oracc_blms,oracc_cams,oracc_caspo,oracc_ctij,oracc_dcclt,oracc_dccmt,oracc_ecut,oracc_etcsri,oracc_hbtin,oracc_obmc,oracc_riao,oracc_ribo,oracc_rimanum,oracc_rinap,oracc_saao,oracc_others&search_tab=1&search=cqp&within=paragraph"
5385,uzzu[anger]N,[?],ilu[god]N,[?],13,3816,7,0.031,4.143,0.084,,,,"https://korp.csc.fi/test-as/?mode=other_languages#?lang=fi&stats_reduce=word&cqp=%5Blemma%20%3D%20%22uzzu%5Banger%5DN%22%5D%20%5B%5D%7B0,8%7D%20%5Blemma%20%3D%20%22ilu%5Bgod%5DN%22%5D&corpus=oracc_adsd,oracc_ario,oracc_blms,oracc_cams,oracc_caspo,oracc_ctij,oracc_dcclt,oracc_dccmt,oracc_ecut,oracc_etcsri,oracc_hbtin,oracc_obmc,oracc_riao,oracc_ribo,oracc_rimanum,oracc_rinap,oracc_saao,oracc_others&search_tab=1&search=cqp&within=paragraph"
5482,zenû[angry]AJ,[?],ilu[god]N,[?],30,3816,37,0.109,1.811,0.42,,,,"https://korp.csc.fi/test-as/?mode=other_languages#?lang=fi&stats_reduce=word&cqp=%5Blemma%20%3D%20%22zen%C3%BB%5Bangry%5DAJ%22%5D%20%5B%5D%7B0,8%7D%20%5Blemma%20%3D%20%22ilu%5Bgod%5DN%22%5D&corpus=oracc_adsd,oracc_ario,oracc_blms,oracc_cams,oracc_caspo,oracc_ctij,oracc_dcclt,oracc_dccmt,oracc_ecut,oracc_etcsri,oracc_hbtin,oracc_obmc,oracc_riao,oracc_ribo,oracc_rimanum,oracc_rinap,oracc_saao,oracc_others&search_tab=1&search=cqp&within=paragraph"
5506,zenû[be(come)-angry]V,[?],ilu[god]N,[?],16,3816,10,0.04,3.3,0.271,,,,"https://korp.csc.fi/test-as/?mode=other_languages#?lang=fi&stats_reduce=word&cqp=%5Blemma%20%3D%20%22zen%C3%BB%5Bbe%28come%29-angry%5DV%22%5D%20%5B%5D%7B0,8%7D%20%5Blemma%20%3D%20%22ilu%5Bgod%5DN%22%5D&corpus=oracc_adsd,oracc_ario,oracc_blms,oracc_cams,oracc_caspo,oracc_ctij,oracc_dcclt,oracc_dccmt,oracc_ecut,oracc_etcsri,oracc_hbtin,oracc_obmc,oracc_riao,oracc_ribo,oracc_rimanum,oracc_rinap,oracc_saao,oracc_others&search_tab=1&search=cqp&within=paragraph"
5718,šabbasû[very-angry]AJ,[?],ilu[god]N,[?],2,3816,3,0.034,1.667,0.196,,,,"https://korp.csc.fi/test-as/?mode=other_languages#?lang=fi&stats_reduce=word&cqp=%5Blemma%20%3D%20%22%C5%A1abbas%C3%BB%5Bvery-angry%5DAJ%22%5D%20%5B%5D%7B0,8%7D%20%5Blemma%20%3D%20%22ilu%5Bgod%5DN%22%5D&corpus=oracc_adsd,oracc_ario,oracc_blms,oracc_cams,oracc_caspo,oracc_ctij,oracc_dcclt,oracc_dccmt,oracc_ecut,oracc_etcsri,oracc_hbtin,oracc_obmc,oracc_riao,oracc_ribo,oracc_rimanum,oracc_rinap,oracc_saao,oracc_others&search_tab=1&search=cqp&within=paragraph"
5730,šabsu[angry]AJ,[?],ilu[god]N,[?],15,3816,9,0.037,2.333,0.288,,,,"https://korp.csc.fi/test-as/?mode=other_languages#?lang=fi&stats_reduce=word&cqp=%5Blemma%20%3D%20%22%C5%A1absu%5Bangry%5DAJ%22%5D%20%5B%5D%7B0,8%7D%20%5Blemma%20%3D%20%22ilu%5Bgod%5DN%22%5D&corpus=oracc_adsd,oracc_ario,oracc_blms,oracc_cams,oracc_caspo,oracc_ctij,oracc_dcclt,oracc_dccmt,oracc_ecut,oracc_etcsri,oracc_hbtin,oracc_obmc,oracc_riao,oracc_ribo,oracc_rimanum,oracc_rinap,oracc_saao,oracc_others&search_tab=1&search=cqp&within=paragraph"
5758,šabāsu[be(come)-angry]V,[?],ilu[god]N,[?],14,3816,5,0.021,4.4,0.082,,,,"https://korp.csc.fi/test-as/?mode=other_languages#?lang=fi&stats_reduce=word&cqp=%5Blemma%20%3D%20%22%C5%A1ab%C4%81su%5Bbe%28come%29-angry%5DV%22%5D%20%5B%5D%7B0,8%7D%20%5Blemma%20%3D%20%22ilu%5Bgod%5DN%22%5D&corpus=oracc_adsd,oracc_ario,oracc_blms,oracc_cams,oracc_caspo,oracc_ctij,oracc_dcclt,oracc_dccmt,oracc_ecut,oracc_etcsri,oracc_hbtin,oracc_obmc,oracc_riao,oracc_ribo,oracc_rimanum,oracc_rinap,oracc_saao,oracc_others&search_tab=1&search=cqp&within=paragraph"
5780,šahtu[reverent-one]N,[?],ilu[god]N,[?],3,3816,3,0.028,4.0,0.314,,,,"https://korp.csc.fi/test-as/?mode=other_languages#?lang=fi&stats_reduce=word&cqp=%5Blemma%20%3D%20%22%C5%A1ahtu%5Breverent-one%5DN%22%5D%20%5B%5D%7B0,8%7D%20%5Blemma%20%3D%20%22ilu%5Bgod%5DN%22%5D&corpus=oracc_adsd,oracc_ario,oracc_blms,oracc_cams,oracc_caspo,oracc_ctij,oracc_dcclt,oracc_dccmt,oracc_ecut,oracc_etcsri,oracc_hbtin,oracc_obmc,oracc_riao,oracc_ribo,oracc_rimanum,oracc_rinap,oracc_saao,oracc_others&search_tab=1&search=cqp&within=paragraph"
5906,šalāmu[peace]N,[?],ilu[god]N,[?],6,3816,2,0.013,2.0,0.5,,,,"https://korp.csc.fi/test-as/?mode=other_languages#?lang=fi&stats_reduce=word&cqp=%5Blemma%20%3D%20%22%C5%A1al%C4%81mu%5Bpeace%5DN%22%5D%20%5B%5D%7B0,8%7D%20%5Blemma%20%3D%20%22ilu%5Bgod%5DN%22%5D&corpus=oracc_adsd,oracc_ario,oracc_blms,oracc_cams,oracc_caspo,oracc_ctij,oracc_dcclt,oracc_dccmt,oracc_ecut,oracc_etcsri,oracc_hbtin,oracc_obmc,oracc_riao,oracc_ribo,oracc_rimanum,oracc_rinap,oracc_saao,oracc_others&search_tab=1&search=cqp&within=paragraph"
5997,šamāru_1[gloat?]V,[?],ilu[god]N,[?],8,3816,4,0.023,5.25,0.235,,,,"https://korp.csc.fi/test-as/?mode=other_languages#?lang=fi&stats_reduce=word&cqp=%5Blemma%20%3D%20%22%C5%A1am%C4%81ru%5Bgloat%3F%5DV%22%5D%20%5B%5D%7B0,8%7D%20%5Blemma%20%3D%20%22ilu%5Bgod%5DN%22%5D&corpus=oracc_adsd,oracc_ario,oracc_blms,oracc_cams,oracc_caspo,oracc_ctij,oracc_dcclt,oracc_dccmt,oracc_ecut,oracc_etcsri,oracc_hbtin,oracc_obmc,oracc_riao,oracc_ribo,oracc_rimanum,oracc_rinap,oracc_saao,oracc_others&search_tab=1&search=cqp&within=paragraph"
6017,šamāru_2[rage]V,[?],ilu[god]N,[?],14,3816,4,0.017,6.0,0.412,,,,"https://korp.csc.fi/test-as/?mode=other_languages#?lang=fi&stats_reduce=word&cqp=%5Blemma%20%3D%20%22%C5%A1am%C4%81ru%5Brage%5DV%22%5D%20%5B%5D%7B0,8%7D%20%5Blemma%20%3D%20%22ilu%5Bgod%5DN%22%5D&corpus=oracc_adsd,oracc_ario,oracc_blms,oracc_cams,oracc_caspo,oracc_ctij,oracc_dcclt,oracc_dccmt,oracc_ecut,oracc_etcsri,oracc_hbtin,oracc_obmc,oracc_riao,oracc_ribo,oracc_rimanum,oracc_rinap,oracc_saao,oracc_others&search_tab=1&search=cqp&within=paragraph"
6072,šapṣu[recalcitrant-one]N,[?],ilu[god]N,[?],6,3816,2,0.013,7.5,0.0,,,,"https://korp.csc.fi/test-as/?mode=other_languages#?lang=fi&stats_reduce=word&cqp=%5Blemma%20%3D%20%22%C5%A1ap%E1%B9%A3u%5Brecalcitrant-one%5DN%22%5D%20%5B%5D%7B0,8%7D%20%5Blemma%20%3D%20%22ilu%5Bgod%5DN%22%5D&corpus=oracc_adsd,oracc_ario,oracc_blms,oracc_cams,oracc_caspo,oracc_ctij,oracc_dcclt,oracc_dccmt,oracc_ecut,oracc_etcsri,oracc_hbtin,oracc_obmc,oracc_riao,oracc_ribo,oracc_rimanum,oracc_rinap,oracc_saao,oracc_others&search_tab=1&search=cqp&within=paragraph"
6128,šašmu[(single)-combat]N,[?],ilu[god]N,[?],22,3816,17,0.058,4.882,0.391,,,,"https://korp.csc.fi/test-as/?mode=other_languages#?lang=fi&stats_reduce=word&cqp=%5Blemma%20%3D%20%22%C5%A1a%C5%A1mu%5B%28single%29-combat%5DN%22%5D%20%5B%5D%7B0,8%7D%20%5Blemma%20%3D%20%22ilu%5Bgod%5DN%22%5D&corpus=oracc_adsd,oracc_ario,oracc_blms,oracc_cams,oracc_caspo,oracc_ctij,oracc_dcclt,oracc_dccmt,oracc_ecut,oracc_etcsri,oracc_hbtin,oracc_obmc,oracc_riao,oracc_ribo,oracc_rimanum,oracc_rinap,oracc_saao,oracc_others&search_tab=1&search=cqp&within=paragraph"
6225,šibsātu[anger]N,[?],ilu[god]N,[?],11,3816,20,0.097,1.35,0.494,,,,"https://korp.csc.fi/test-as/?mode=other_languages#?lang=fi&stats_reduce=word&cqp=%5Blemma%20%3D%20%22%C5%A1ibs%C4%81tu%5Banger%5DN%22%5D%20%5B%5D%7B0,8%7D%20%5Blemma%20%3D%20%22ilu%5Bgod%5DN%22%5D&corpus=oracc_adsd,oracc_ario,oracc_blms,oracc_cams,oracc_caspo,oracc_ctij,oracc_dcclt,oracc_dccmt,oracc_ecut,oracc_etcsri,oracc_hbtin,oracc_obmc,oracc_riao,oracc_ribo,oracc_rimanum,oracc_rinap,oracc_saao,oracc_others&search_tab=1&search=cqp&within=paragraph"
